{
  "version": 1,
  "generatedAt": "2026-03-07T11:00:15.404Z",
  "sampleRate": 48000,
  "scenarios": {
    "alignment1k": {
      "studer": {
        "gainDb": 0.296368,
        "thdDb": -12.223285,
        "rmsDb": -17.442995,
        "residualDb": -13.293271
      },
      "ampex": {
        "gainDb": -0.445971,
        "thdDb": -16.83529,
        "rmsDb": -18.354539,
        "residualDb": -12.01503
      },
      "mci": {
        "gainDb": -0.010256,
        "thdDb": -30.475183,
        "rmsDb": -18.006362,
        "residualDb": -13.399921
      }
    },
    "overload1kAmpex": {
      "nominal": {
        "gainDb": -0.445971,
        "thdDb": -16.83529,
        "rmsDb": -18.354539,
        "residualDb": -12.01503
      },
      "hot": {
        "gainDb": -6.034995,
        "thdDb": -9.669584,
        "rmsDb": -17.585254,
        "residualDb": -6.111988
      }
    },
    "highFrequency16kAmpex": {
      "ips15GainDb": -8.626557,
      "ips30GainDb": -6.408644,
      "deltaDb": 2.217913
    },
    "twoToneImdAmpex": {
      "lowImdDb": -23.373074,
      "highImdDb": -1.773058,
      "nullResidualDb": -19.018584
    },
    "predictorBurstAmpex": {
      "recoveryRatio": 47.874342,
      "transientResidualDb": -21.634295
    },
    "headCrosstalkCurveAmpex": {
      "bleed100HzDb": -32.887406,
      "bleed1000HzDb": -44.391044,
      "bleed3000HzDb": -48.238268,
      "bleed10000HzDb": -45.233791
    },
    "headAzimuthPhaseAmpex": {
      "phase500Rad": -0.049365,
      "phase2000Rad": -0.197638,
      "phase8000Rad": -0.796019
    },
    "headAzimuthLossAmpex": {
      "loss1000Db": -0.214242,
      "loss8000Db": -31.513717,
      "loss16000Db": -32.007738
    },
    "headWeaveModulationAmpex": {
      "depth1000HzDb": 0.077646,
      "depth16000HzDb": 2.049967,
      "deltaDb": 1.972321
    },
    "thdLevelSweepAmpex": {
      "recordDominant": {
        "hz100": {
          "minus24DbfsThdDb": -8.592554,
          "minus18DbfsThdDb": -6.236355,
          "minus12DbfsThdDb": -4.326342
        },
        "hz1000": {
          "minus24DbfsThdDb": -11.031439,
          "minus18DbfsThdDb": -8.159804,
          "minus12DbfsThdDb": -7.140207
        },
        "hz10000": {
          "minus24DbfsThdDb": -17.563423,
          "minus18DbfsThdDb": -13.905969,
          "minus12DbfsThdDb": -12.330021
        }
      },
      "playbackDominant": {
        "hz100": {
          "minus24DbfsThdDb": -15.300929,
          "minus18DbfsThdDb": -11.798828,
          "minus12DbfsThdDb": -8.105125
        },
        "hz1000": {
          "minus24DbfsThdDb": -16.213121,
          "minus18DbfsThdDb": -13.303189,
          "minus12DbfsThdDb": -8.946586
        },
        "hz10000": {
          "minus24DbfsThdDb": -23.431724,
          "minus18DbfsThdDb": -21.405923,
          "minus12DbfsThdDb": -13.780398
        }
      }
    },
    "imdLevelSweepAmpex": {
      "recordDominant": {
        "hz100": {
          "minus24DbfsImdDb": -15.276774,
          "minus18DbfsImdDb": -17.312536,
          "minus12DbfsImdDb": -8.501733
        },
        "hz1000": {
          "minus24DbfsImdDb": -3.55972,
          "minus18DbfsImdDb": -0.947355,
          "minus12DbfsImdDb": -1.758621
        },
        "hz10000": {
          "minus24DbfsImdDb": -1.796265,
          "minus18DbfsImdDb": -0.062504,
          "minus12DbfsImdDb": -2.085371
        }
      },
      "playbackDominant": {
        "hz100": {
          "minus24DbfsImdDb": -17.428089,
          "minus18DbfsImdDb": -16.064433,
          "minus12DbfsImdDb": -14.128674
        },
        "hz1000": {
          "minus24DbfsImdDb": -7.792131,
          "minus18DbfsImdDb": -6.571427,
          "minus12DbfsImdDb": -5.606304
        },
        "hz10000": {
          "minus24DbfsImdDb": -7.446193,
          "minus18DbfsImdDb": -5.623969,
          "minus12DbfsImdDb": -7.095348
        }
      }
    }
  }
}
