{
  "version": 1,
  "generatedAt": "2026-03-07T00:24:23.036Z",
  "sampleRate": 48000,
  "scenarios": {
    "alignment1k": {
      "studer": {
        "gainDb": 0.296368,
        "thdDb": -12.223285,
        "rmsDb": -17.442995,
        "residualDb": -13.293271
      },
      "ampex": {
        "gainDb": -0.421554,
        "thdDb": -16.851329,
        "rmsDb": -18.330494,
        "residualDb": -12.015124
      },
      "mci": {
        "gainDb": -0.010256,
        "thdDb": -30.475183,
        "rmsDb": -18.006362,
        "residualDb": -13.399921
      }
    },
    "overload1kAmpex": {
      "nominal": {
        "gainDb": -0.421554,
        "thdDb": -16.851329,
        "rmsDb": -18.330494,
        "residualDb": -12.015124
      },
      "hot": {
        "gainDb": -5.779794,
        "thdDb": -9.575796,
        "rmsDb": -17.321463,
        "residualDb": -6.09587
      }
    },
    "highFrequency16kAmpex": {
      "ips15GainDb": -8.626139,
      "ips30GainDb": -5.853853,
      "deltaDb": 2.772286
    },
    "twoToneImdAmpex": {
      "lowImdDb": -24.225188,
      "highImdDb": 2.159709,
      "nullResidualDb": -22.886129
    },
    "predictorBurstAmpex": {
      "recoveryRatio": 47.874342,
      "transientResidualDb": -21.634295
    },
    "headCrosstalkCurveAmpex": {
      "bleed100HzDb": -32.887406,
      "bleed1000HzDb": -44.391044,
      "bleed3000HzDb": -48.238282,
      "bleed10000HzDb": -45.233791
    },
    "headAzimuthPhaseAmpex": {
      "phase500Rad": -0.049365,
      "phase2000Rad": -0.197638,
      "phase8000Rad": -0.799116
    },
    "headAzimuthLossAmpex": {
      "loss1000Db": -0.214242,
      "loss8000Db": -31.513717,
      "loss16000Db": -32.007743
    },
    "headWeaveModulationAmpex": {
      "depth1000HzDb": 0.077647,
      "depth16000HzDb": 2.049967,
      "deltaDb": 1.972321
    },
    "thdLevelSweepAmpex": {
      "recordDominant": {
        "hz100": {
          "minus24DbfsThdDb": -8.592554,
          "minus18DbfsThdDb": -6.236355,
          "minus12DbfsThdDb": -4.326342
        },
        "hz1000": {
          "minus24DbfsThdDb": -11.034764,
          "minus18DbfsThdDb": -8.069213,
          "minus12DbfsThdDb": -6.697937
        },
        "hz10000": {
          "minus24DbfsThdDb": -17.466249,
          "minus18DbfsThdDb": -13.931782,
          "minus12DbfsThdDb": -12.099535
        }
      },
      "playbackDominant": {
        "hz100": {
          "minus24DbfsThdDb": -15.300929,
          "minus18DbfsThdDb": -11.798828,
          "minus12DbfsThdDb": -8.105125
        },
        "hz1000": {
          "minus24DbfsThdDb": -16.213121,
          "minus18DbfsThdDb": -13.302564,
          "minus12DbfsThdDb": -8.893516
        },
        "hz10000": {
          "minus24DbfsThdDb": -23.296429,
          "minus18DbfsThdDb": -21.517625,
          "minus12DbfsThdDb": -14.258234
        }
      }
    },
    "imdLevelSweepAmpex": {
      "recordDominant": {
        "hz100": {
          "minus24DbfsImdDb": -15.276774,
          "minus18DbfsImdDb": -17.312536,
          "minus12DbfsImdDb": -8.501733
        },
        "hz1000": {
          "minus24DbfsImdDb": -3.55972,
          "minus18DbfsImdDb": -0.946592,
          "minus12DbfsImdDb": -1.85165
        },
        "hz10000": {
          "minus24DbfsImdDb": 1.3043,
          "minus18DbfsImdDb": -0.414798,
          "minus12DbfsImdDb": 1.439078
        }
      },
      "playbackDominant": {
        "hz100": {
          "minus24DbfsImdDb": -17.428089,
          "minus18DbfsImdDb": -16.064433,
          "minus12DbfsImdDb": -14.128674
        },
        "hz1000": {
          "minus24DbfsImdDb": -7.792131,
          "minus18DbfsImdDb": -6.571427,
          "minus12DbfsImdDb": -5.597436
        },
        "hz10000": {
          "minus24DbfsImdDb": -7.451224,
          "minus18DbfsImdDb": -5.624559,
          "minus12DbfsImdDb": -7.714733
        }
      }
    }
  }
}
